concept_id,series,dataset,column,section,first_year,last_year,n_years,has_gap,dcf_item,dcf_question,value_list,traps
enrolment_data_1.c10_b,enrolment_data_1.c10_b,enrolment_data_1,c10_b,Students,2018-19,2025-26,8,0,enrolment grid,Enrolment grid: boys enrolled in class 10,count of children,
enrolment_data_1.c10_g,enrolment_data_1.c10_g,enrolment_data_1,c10_g,Students,2018-19,2025-26,8,0,enrolment grid,Enrolment grid: girls enrolled in class 10,count of children,
enrolment_data_1.c10_t,enrolment_data_1.c10_t,enrolment_data_1,c10_t,Students,2025-26,2025-26,1,0,enrolment grid,Enrolment grid: transgender children enrolled in class 10,count of children,
enrolment_data_1.c11_b,enrolment_data_1.c11_b,enrolment_data_1,c11_b,Students,2018-19,2025-26,8,0,enrolment grid,Enrolment grid: boys enrolled in class 11,count of children,
enrolment_data_1.c11_g,enrolment_data_1.c11_g,enrolment_data_1,c11_g,Students,2018-19,2025-26,8,0,enrolment grid,Enrolment grid: girls enrolled in class 11,count of children,
enrolment_data_1.c11_t,enrolment_data_1.c11_t,enrolment_data_1,c11_t,Students,2025-26,2025-26,1,0,enrolment grid,Enrolment grid: transgender children enrolled in class 11,count of children,
enrolment_data_1.c12_b,enrolment_data_1.c12_b,enrolment_data_1,c12_b,Students,2018-19,2025-26,8,0,enrolment grid,Enrolment grid: boys enrolled in class 12,count of children,
enrolment_data_1.c12_g,enrolment_data_1.c12_g,enrolment_data_1,c12_g,Students,2018-19,2025-26,8,0,enrolment grid,Enrolment grid: girls enrolled in class 12,count of children,
enrolment_data_1.c12_t,enrolment_data_1.c12_t,enrolment_data_1,c12_t,Students,2025-26,2025-26,1,0,enrolment grid,Enrolment grid: transgender children enrolled in class 12,count of children,
enrolment_data_1.c1_b,enrolment_data_1.c1_b,enrolment_data_1,c1_b,Students,2018-19,2025-26,8,0,enrolment grid,Enrolment grid: boys enrolled in class 1,count of children,
enrolment_data_1.c1_g,enrolment_data_1.c1_g,enrolment_data_1,c1_g,Students,2018-19,2025-26,8,0,enrolment grid,Enrolment grid: girls enrolled in class 1,count of children,
enrolment_data_1.c1_t,enrolment_data_1.c1_t,enrolment_data_1,c1_t,Students,2025-26,2025-26,1,0,enrolment grid,Enrolment grid: transgender children enrolled in class 1,count of children,
enrolment_data_1.c2_b,enrolment_data_1.c2_b,enrolment_data_1,c2_b,Students,2018-19,2025-26,8,0,enrolment grid,Enrolment grid: boys enrolled in class 2,count of children,
enrolment_data_1.c2_g,enrolment_data_1.c2_g,enrolment_data_1,c2_g,Students,2018-19,2025-26,8,0,enrolment grid,Enrolment grid: girls enrolled in class 2,count of children,
enrolment_data_1.c2_t,enrolment_data_1.c2_t,enrolment_data_1,c2_t,Students,2025-26,2025-26,1,0,enrolment grid,Enrolment grid: transgender children enrolled in class 2,count of children,
enrolment_data_1.c3_b,enrolment_data_1.c3_b,enrolment_data_1,c3_b,Students,2018-19,2025-26,8,0,enrolment grid,Enrolment grid: boys enrolled in class 3,count of children,
enrolment_data_1.c3_g,enrolment_data_1.c3_g,enrolment_data_1,c3_g,Students,2018-19,2025-26,8,0,enrolment grid,Enrolment grid: girls enrolled in class 3,count of children,
enrolment_data_1.c3_t,enrolment_data_1.c3_t,enrolment_data_1,c3_t,Students,2025-26,2025-26,1,0,enrolment grid,Enrolment grid: transgender children enrolled in class 3,count of children,
enrolment_data_1.c4_b,enrolment_data_1.c4_b,enrolment_data_1,c4_b,Students,2018-19,2025-26,8,0,enrolment grid,Enrolment grid: boys enrolled in class 4,count of children,
enrolment_data_1.c4_g,enrolment_data_1.c4_g,enrolment_data_1,c4_g,Students,2018-19,2025-26,8,0,enrolment grid,Enrolment grid: girls enrolled in class 4,count of children,
enrolment_data_1.c4_t,enrolment_data_1.c4_t,enrolment_data_1,c4_t,Students,2025-26,2025-26,1,0,enrolment grid,Enrolment grid: transgender children enrolled in class 4,count of children,
enrolment_data_1.c5_b,enrolment_data_1.c5_b,enrolment_data_1,c5_b,Students,2018-19,2025-26,8,0,enrolment grid,Enrolment grid: boys enrolled in class 5,count of children,
enrolment_data_1.c5_g,enrolment_data_1.c5_g,enrolment_data_1,c5_g,Students,2018-19,2025-26,8,0,enrolment grid,Enrolment grid: girls enrolled in class 5,count of children,
enrolment_data_1.c5_t,enrolment_data_1.c5_t,enrolment_data_1,c5_t,Students,2025-26,2025-26,1,0,enrolment grid,Enrolment grid: transgender children enrolled in class 5,count of children,
enrolment_data_1.c6_b,enrolment_data_1.c6_b,enrolment_data_1,c6_b,Students,2018-19,2025-26,8,0,enrolment grid,Enrolment grid: boys enrolled in class 6,count of children,
enrolment_data_1.c6_g,enrolment_data_1.c6_g,enrolment_data_1,c6_g,Students,2018-19,2025-26,8,0,enrolment grid,Enrolment grid: girls enrolled in class 6,count of children,
enrolment_data_1.c6_t,enrolment_data_1.c6_t,enrolment_data_1,c6_t,Students,2025-26,2025-26,1,0,enrolment grid,Enrolment grid: transgender children enrolled in class 6,count of children,
enrolment_data_1.c7_b,enrolment_data_1.c7_b,enrolment_data_1,c7_b,Students,2018-19,2025-26,8,0,enrolment grid,Enrolment grid: boys enrolled in class 7,count of children,
enrolment_data_1.c7_g,enrolment_data_1.c7_g,enrolment_data_1,c7_g,Students,2018-19,2025-26,8,0,enrolment grid,Enrolment grid: girls enrolled in class 7,count of children,
enrolment_data_1.c7_t,enrolment_data_1.c7_t,enrolment_data_1,c7_t,Students,2025-26,2025-26,1,0,enrolment grid,Enrolment grid: transgender children enrolled in class 7,count of children,
enrolment_data_1.c8_b,enrolment_data_1.c8_b,enrolment_data_1,c8_b,Students,2018-19,2025-26,8,0,enrolment grid,Enrolment grid: boys enrolled in class 8,count of children,
enrolment_data_1.c8_g,enrolment_data_1.c8_g,enrolment_data_1,c8_g,Students,2018-19,2025-26,8,0,enrolment grid,Enrolment grid: girls enrolled in class 8,count of children,
enrolment_data_1.c8_t,enrolment_data_1.c8_t,enrolment_data_1,c8_t,Students,2025-26,2025-26,1,0,enrolment grid,Enrolment grid: transgender children enrolled in class 8,count of children,
enrolment_data_1.c9_b,enrolment_data_1.c9_b,enrolment_data_1,c9_b,Students,2018-19,2025-26,8,0,enrolment grid,Enrolment grid: boys enrolled in class 9,count of children,
enrolment_data_1.c9_g,enrolment_data_1.c9_g,enrolment_data_1,c9_g,Students,2018-19,2025-26,8,0,enrolment grid,Enrolment grid: girls enrolled in class 9,count of children,
enrolment_data_1.c9_t,enrolment_data_1.c9_t,enrolment_data_1,c9_t,Students,2025-26,2025-26,1,0,enrolment grid,Enrolment grid: transgender children enrolled in class 9,count of children,
enrolment_data_1.cpp_b,enrolment_data_1.cpp_b,enrolment_data_1,cpp_b,Students,2018-19,2025-26,8,0,,,,
enrolment_data_1.cpp_g,enrolment_data_1.cpp_g,enrolment_data_1,cpp_g,Students,2018-19,2025-26,8,0,,,,
enrolment_data_1.cpp_t,enrolment_data_1.cpp_t,enrolment_data_1,cpp_t,Students,2025-26,2025-26,1,0,,,,
enrolment_data_1.item_desc,enrolment_data_1.item_desc,enrolment_data_1,item_desc,Students,2018-19,2021-22,4,0,,,,
enrolment_data_1.item_group,enrolment_data_1.item_group,enrolment_data_1,item_group,Students,2022-23,2025-26,4,0,,,,
enrolment_data_1.item_id,enrolment_data_1.item_id,enrolment_data_1,item_id,Students,2022-23,2025-26,4,0,,,,
enrolment_data_1.pseudocode,enrolment_data_1.psuedocode,enrolment_data_1,pseudocode,Students,2022-23,2025-26,4,0,,,,pseudocode-stability spelling-of-the-key
enrolment_data_1.psuedocode,enrolment_data_1.psuedocode,enrolment_data_1,psuedocode,Students,2018-19,2021-22,4,0,,,,pseudocode-stability spelling-of-the-key
enrolment_data_2.c10_b,enrolment_data_2.c10_b,enrolment_data_2,c10_b,Students,2018-19,2025-26,8,0,enrolment grid,Enrolment grid: boys enrolled in class 10,count of children,
enrolment_data_2.c10_g,enrolment_data_2.c10_g,enrolment_data_2,c10_g,Students,2018-19,2025-26,8,0,enrolment grid,Enrolment grid: girls enrolled in class 10,count of children,
enrolment_data_2.c10_t,enrolment_data_2.c10_t,enrolment_data_2,c10_t,Students,2025-26,2025-26,1,0,enrolment grid,Enrolment grid: transgender children enrolled in class 10,count of children,
enrolment_data_2.c11_b,enrolment_data_2.c11_b,enrolment_data_2,c11_b,Students,2018-19,2025-26,8,0,enrolment grid,Enrolment grid: boys enrolled in class 11,count of children,
enrolment_data_2.c11_g,enrolment_data_2.c11_g,enrolment_data_2,c11_g,Students,2018-19,2025-26,8,0,enrolment grid,Enrolment grid: girls enrolled in class 11,count of children,
enrolment_data_2.c11_t,enrolment_data_2.c11_t,enrolment_data_2,c11_t,Students,2025-26,2025-26,1,0,enrolment grid,Enrolment grid: transgender children enrolled in class 11,count of children,
enrolment_data_2.c12_b,enrolment_data_2.c12_b,enrolment_data_2,c12_b,Students,2018-19,2025-26,8,0,enrolment grid,Enrolment grid: boys enrolled in class 12,count of children,
enrolment_data_2.c12_g,enrolment_data_2.c12_g,enrolment_data_2,c12_g,Students,2018-19,2025-26,8,0,enrolment grid,Enrolment grid: girls enrolled in class 12,count of children,
enrolment_data_2.c12_t,enrolment_data_2.c12_t,enrolment_data_2,c12_t,Students,2025-26,2025-26,1,0,enrolment grid,Enrolment grid: transgender children enrolled in class 12,count of children,
enrolment_data_2.c1_b,enrolment_data_2.c1_b,enrolment_data_2,c1_b,Students,2018-19,2025-26,8,0,enrolment grid,Enrolment grid: boys enrolled in class 1,count of children,
enrolment_data_2.c1_g,enrolment_data_2.c1_g,enrolment_data_2,c1_g,Students,2018-19,2025-26,8,0,enrolment grid,Enrolment grid: girls enrolled in class 1,count of children,
enrolment_data_2.c1_t,enrolment_data_2.c1_t,enrolment_data_2,c1_t,Students,2025-26,2025-26,1,0,enrolment grid,Enrolment grid: transgender children enrolled in class 1,count of children,
enrolment_data_2.c2_b,enrolment_data_2.c2_b,enrolment_data_2,c2_b,Students,2018-19,2025-26,8,0,enrolment grid,Enrolment grid: boys enrolled in class 2,count of children,
enrolment_data_2.c2_g,enrolment_data_2.c2_g,enrolment_data_2,c2_g,Students,2018-19,2025-26,8,0,enrolment grid,Enrolment grid: girls enrolled in class 2,count of children,
enrolment_data_2.c2_t,enrolment_data_2.c2_t,enrolment_data_2,c2_t,Students,2025-26,2025-26,1,0,enrolment grid,Enrolment grid: transgender children enrolled in class 2,count of children,
enrolment_data_2.c3_b,enrolment_data_2.c3_b,enrolment_data_2,c3_b,Students,2018-19,2025-26,8,0,enrolment grid,Enrolment grid: boys enrolled in class 3,count of children,
enrolment_data_2.c3_g,enrolment_data_2.c3_g,enrolment_data_2,c3_g,Students,2018-19,2025-26,8,0,enrolment grid,Enrolment grid: girls enrolled in class 3,count of children,
enrolment_data_2.c3_t,enrolment_data_2.c3_t,enrolment_data_2,c3_t,Students,2025-26,2025-26,1,0,enrolment grid,Enrolment grid: transgender children enrolled in class 3,count of children,
enrolment_data_2.c4_b,enrolment_data_2.c4_b,enrolment_data_2,c4_b,Students,2018-19,2025-26,8,0,enrolment grid,Enrolment grid: boys enrolled in class 4,count of children,
enrolment_data_2.c4_g,enrolment_data_2.c4_g,enrolment_data_2,c4_g,Students,2018-19,2025-26,8,0,enrolment grid,Enrolment grid: girls enrolled in class 4,count of children,
enrolment_data_2.c4_t,enrolment_data_2.c4_t,enrolment_data_2,c4_t,Students,2025-26,2025-26,1,0,enrolment grid,Enrolment grid: transgender children enrolled in class 4,count of children,
enrolment_data_2.c5_b,enrolment_data_2.c5_b,enrolment_data_2,c5_b,Students,2018-19,2025-26,8,0,enrolment grid,Enrolment grid: boys enrolled in class 5,count of children,
enrolment_data_2.c5_g,enrolment_data_2.c5_g,enrolment_data_2,c5_g,Students,2018-19,2025-26,8,0,enrolment grid,Enrolment grid: girls enrolled in class 5,count of children,
enrolment_data_2.c5_t,enrolment_data_2.c5_t,enrolment_data_2,c5_t,Students,2025-26,2025-26,1,0,enrolment grid,Enrolment grid: transgender children enrolled in class 5,count of children,
enrolment_data_2.c6_b,enrolment_data_2.c6_b,enrolment_data_2,c6_b,Students,2018-19,2025-26,8,0,enrolment grid,Enrolment grid: boys enrolled in class 6,count of children,
enrolment_data_2.c6_g,enrolment_data_2.c6_g,enrolment_data_2,c6_g,Students,2018-19,2025-26,8,0,enrolment grid,Enrolment grid: girls enrolled in class 6,count of children,
enrolment_data_2.c6_t,enrolment_data_2.c6_t,enrolment_data_2,c6_t,Students,2025-26,2025-26,1,0,enrolment grid,Enrolment grid: transgender children enrolled in class 6,count of children,
enrolment_data_2.c7_b,enrolment_data_2.c7_b,enrolment_data_2,c7_b,Students,2018-19,2025-26,8,0,enrolment grid,Enrolment grid: boys enrolled in class 7,count of children,
enrolment_data_2.c7_g,enrolment_data_2.c7_g,enrolment_data_2,c7_g,Students,2018-19,2025-26,8,0,enrolment grid,Enrolment grid: girls enrolled in class 7,count of children,
enrolment_data_2.c7_t,enrolment_data_2.c7_t,enrolment_data_2,c7_t,Students,2025-26,2025-26,1,0,enrolment grid,Enrolment grid: transgender children enrolled in class 7,count of children,
enrolment_data_2.c8_b,enrolment_data_2.c8_b,enrolment_data_2,c8_b,Students,2018-19,2025-26,8,0,enrolment grid,Enrolment grid: boys enrolled in class 8,count of children,
enrolment_data_2.c8_g,enrolment_data_2.c8_g,enrolment_data_2,c8_g,Students,2018-19,2025-26,8,0,enrolment grid,Enrolment grid: girls enrolled in class 8,count of children,
enrolment_data_2.c8_t,enrolment_data_2.c8_t,enrolment_data_2,c8_t,Students,2025-26,2025-26,1,0,enrolment grid,Enrolment grid: transgender children enrolled in class 8,count of children,
enrolment_data_2.c9_b,enrolment_data_2.c9_b,enrolment_data_2,c9_b,Students,2018-19,2025-26,8,0,enrolment grid,Enrolment grid: boys enrolled in class 9,count of children,
enrolment_data_2.c9_g,enrolment_data_2.c9_g,enrolment_data_2,c9_g,Students,2018-19,2025-26,8,0,enrolment grid,Enrolment grid: girls enrolled in class 9,count of children,
enrolment_data_2.c9_t,enrolment_data_2.c9_t,enrolment_data_2,c9_t,Students,2025-26,2025-26,1,0,enrolment grid,Enrolment grid: transgender children enrolled in class 9,count of children,
enrolment_data_2.cpp_b,enrolment_data_2.cpp_b,enrolment_data_2,cpp_b,Students,2018-19,2025-26,8,0,,,,
enrolment_data_2.cpp_g,enrolment_data_2.cpp_g,enrolment_data_2,cpp_g,Students,2018-19,2025-26,8,0,,,,
enrolment_data_2.cpp_t,enrolment_data_2.cpp_t,enrolment_data_2,cpp_t,Students,2025-26,2025-26,1,0,,,,
enrolment_data_2.item_desc,enrolment_data_2.item_desc,enrolment_data_2,item_desc,Students,2018-19,2021-22,4,0,,,,
enrolment_data_2.item_group,enrolment_data_2.item_group,enrolment_data_2,item_group,Students,2022-23,2025-26,4,0,,,,
enrolment_data_2.item_id,enrolment_data_2.item_id,enrolment_data_2,item_id,Students,2022-23,2025-26,4,0,,,,
enrolment_data_2.pseudocode,enrolment_data_2.psuedocode,enrolment_data_2,pseudocode,Students,2022-23,2025-26,4,0,,,,pseudocode-stability spelling-of-the-key
enrolment_data_2.psuedocode,enrolment_data_2.psuedocode,enrolment_data_2,psuedocode,Students,2018-19,2021-22,4,0,,,,pseudocode-stability spelling-of-the-key
facility_data.availability_of_handrails,facility_data.availability_of_handrails,facility_data,availability_of_handrails,Physical Facilities,2018-19,2025-26,8,0,2.15,Whether Hand-rails for ramp are available?,"0, 1-Yes, 2-No, 9-Not applicable",
facility_data.availability_ramps,facility_data.availability_ramps,facility_data,availability_ramps,Physical Facilities,2018-19,2025-26,8,0,2.15,Whether Ramp for disabled children to access school building exists?,"1-Yes, 2-No",
facility_data.bio_lab_cond,facility_data.bio_lab_cond,facility_data,bio_lab_cond,Physical Facilities,2022-23,2025-26,4,0,,,,
facility_data.boarding_hsec_yn,facility_data.boarding_hsec_yn,facility_data,boarding_hsec_yn,Physical Facilities,2025-26,2025-26,1,0,2.21,Whether Boarding/Hostel facilities are available for the following Stage(s)/Level(s)?,,
facility_data.boarding_pri_yn,facility_data.boarding_pri_yn,facility_data,boarding_pri_yn,Physical Facilities,2025-26,2025-26,1,0,2.21i,Whether Boarding/Hostel facilities are available for the following Stage(s)/Level(s)? — Primary,,
facility_data.boarding_sec_yn,facility_data.boarding_sec_yn,facility_data,boarding_sec_yn,Physical Facilities,2025-26,2025-26,1,0,2.21,Whether Boarding/Hostel facilities are available for the following Stage(s)/Level(s)?,,
facility_data.boarding_upr_yn,facility_data.boarding_upr_yn,facility_data,boarding_upr_yn,Physical Facilities,2025-26,2025-26,1,0,2.21i,Whether Boarding/Hostel facilities are available for the following Stage(s)/Level(s)? — Primary,,
facility_data.book_bank,facility_data.book_bank,facility_data,book_bank,Physical Facilities,2022-23,2025-26,4,0,2.11(a),Whether the school has Library facility/Book Bank/Reading Corner? — Book Bank,"1-Yes, 2-No",state-conventions
facility_data.boundary_wall,facility_data.boundary_wall,facility_data,boundary_wall,Physical Facilities,2018-19,2025-26,8,0,2.4,Type of Boundary Wall,"1-Pucca, 2-Pucca but broken, 3-Barbed wire fencing, 4-Hedges, 5-No boundary walls, 6-Others, 7-Partial, 8-Under Construction",type-code-as-binary
facility_data.building_status,facility_data.building_status,facility_data,building_status,Physical Facilities,2018-19,2025-26,8,0,2.1,Status of Present School Building?,"1-Government, 2-Rent free, 3-Rented, 4-Govt school running in Panchayat/Municipal Building, 5-Dilapidated, 6-Under Construction, 7-No Building",
facility_data.chem_lab_cond,facility_data.chem_lab_cond,facility_data,chem_lab_cond,Physical Facilities,2022-23,2025-26,4,0,,,,
facility_data.classrooms_in_good_condition,facility_data.classrooms_in_good_condition,facility_data,classrooms_in_good_condition,Physical Facilities,2018-19,2025-26,8,0,2.3(a),Classrooms in good condition,count,
facility_data.classrooms_needs_major_repair,facility_data.classrooms_needs_major_repair,facility_data,classrooms_needs_major_repair,Physical Facilities,2018-19,2025-26,8,0,2.3(a),Classrooms needing major repair,count,
facility_data.classrooms_needs_minor_repair,facility_data.classrooms_needs_minor_repair,facility_data,classrooms_needs_minor_repair,Physical Facilities,2018-19,2025-26,8,0,2.3(a),Classrooms needing minor repair,count,
facility_data.comp_ict_lab_yn,facility_data.comp_ict_lab_yn,facility_data,comp_ict_lab_yn,Physical Facilities,2022-23,2025-26,4,0,2.25(a)(iii),Is Separate Room(s) Available for Computer/ICT lab?,"1-Yes, 2-No",ungated-dependency
facility_data.comp_lab_cond,facility_data.comp_lab_cond,facility_data,comp_lab_cond,Physical Facilities,2022-23,2025-26,4,0,2.22(i),Does the school have the following laboratories? (For Higher Secondary sections only) — Computer Science,"1-Yes, 2-No",
facility_data.cyber_safety,facility_data.cyber_safety,facility_data,cyber_safety,Physical Facilities,2025-26,2025-26,1,0,3.2(a),Details of Teaching Staffs (Including Head Master/Mistress/Principal/HoS) — cyber safety:,"1-Yes, 2-No",
facility_data.desktop,facility_data.desktop,facility_data,desktop,Physical Facilities,2018-19,2025-26,8,0,2.25(a)(ii),Number of desktops,count,
facility_data.digiboard,facility_data.digiboard,facility_data,digiboard,Physical Facilities,2018-19,2025-26,8,0,2.25,Number of digital boards,count,
facility_data.drinking_water_available,facility_data.drinking_water_available,facility_data,drinking_water_available,Physical Facilities,2018-19,2021-22,4,0,2.6,Whether drinking water is available in the school premises?,,union-artefact
facility_data.drinking_water_functional,facility_data.drinking_water_functional,facility_data,drinking_water_functional,Physical Facilities,2018-19,2021-22,4,0,2.8(b),"Whether drinking water is available in the school premises?                                     (Yes=1, No=2) — Whether water purifier/RO is available in the school                     (Yes=1, No=2, Yes, but not functional=3)",,union-artefact
facility_data.dth,facility_data.dth,facility_data,dth,Physical Facilities,2018-19,2025-26,8,0,2.27(d),Access to DTH/TV channels,"1-Yes, 2-No, 4-Not applicable",
facility_data.electricity_availability,facility_data.electricity_availability,facility_data,electricity_availability,Physical Facilities,2018-19,2025-26,8,0,2.5(a),Whether electricity connection is available in the school?,"1-Yes, 2-No, 3-Yes but not Functional",type-code-as-binary
facility_data.enrichment_activities,facility_data.enrichment_activities,facility_data,enrichment_activities,Physical Facilities,2025-26,2025-26,1,0,2.x,Whether enrichment activities are conducted,"1-Yes, 2-No",
facility_data.func_boys_cwsn_friendly,facility_data.func_boys_cwsn_friendly,facility_data,func_boys_cwsn_friendly,Physical Facilities,2018-19,2025-26,8,0,,,,
facility_data.func_girls_cwsn_friendly,facility_data.func_girls_cwsn_friendly,facility_data,func_girls_cwsn_friendly,Physical Facilities,2018-19,2025-26,8,0,,,,
facility_data.furniture_availability,facility_data.furniture_availability,facility_data,furniture_availability,Physical Facilities,2018-19,2025-26,8,0,2.19,Does the school have furniture for students?,"1-Yes, 2-No, 3-Partial",
facility_data.geo_lab_cond,facility_data.geo_lab_cond,facility_data,geo_lab_cond,Physical Facilities,2022-23,2025-26,4,0,,,,
facility_data.hand_pump_fun_yn,facility_data.hand_pump_fun_yn,facility_data,hand_pump_fun_yn,Physical Facilities,2022-23,2025-26,4,0,2.9,Hand pump functional,"1-Yes, 2-No",
facility_data.hand_pump_yn,facility_data.hand_pump_yn,facility_data,hand_pump_yn,Physical Facilities,2022-23,2025-26,4,0,2.9(a),Main Source of Drinking Water — hand pump,"1-Yes, 2-No",
facility_data.handwash_facility_for_meal,facility_data.handwash_facility_for_meal,facility_data,handwash_facility_for_meal,Physical Facilities,2018-19,2025-26,8,0,2.8,Handwash facility for meal,"1-Yes, 2-No, 9-Not applicable",
facility_data.handwash_near_toilet,facility_data.handwash_near_toilet,facility_data,handwash_near_toilet,Physical Facilities,2018-19,2025-26,8,0,2.7,Handwash facility near the toilet,"1-Yes, 2-No, 9-Not applicable",
facility_data.home_sc_lab_cond,facility_data.home_sc_lab_cond,facility_data,home_sc_lab_cond,Physical Facilities,2022-23,2025-26,4,0,2.22(g),Does the school have the following laboratories? (For Higher Secondary sections only) — Home Science,"1-Yes, 2-No",
facility_data.ict_lab,facility_data.ict_lab,facility_data,ict_lab,Physical Facilities,2018-19,2021-22,4,0,2.27,Is ICT Lab available in the school?,,undocumented-code-9 union-artefact
facility_data.ict_lab_yn,facility_data.ict_lab,facility_data,ict_lab_yn,Physical Facilities,2022-23,2025-26,4,0,2.25(b),Is the ICT Lab available in the school under Samagra Siksha?,"1-Yes, 2-No, 9-Not applicable",
facility_data.internet,facility_data.internet,facility_data,internet,Physical Facilities,2018-19,2025-26,8,0,2.26,Does the School have Internet Facility?,"1-Yes, 2-No",
facility_data.kitchen_garden_yn,facility_data.kitchen_garden_yn,facility_data,kitchen_garden_yn,Physical Facilities,2025-26,2025-26,1,0,2.17(a),Whether Kitchen Garden is available in school?,"1-Yes, 2-No",
facility_data.land_avl_yn,facility_data.land_avl_yn,facility_data,land_avl_yn,Physical Facilities,2025-26,2025-26,1,0,2.12(b),Whether Land is available for expansion of school facilities?,"1-Yes, 2-No",
facility_data.lang_lab_cond,facility_data.lang_lab_cond,facility_data,lang_lab_cond,Physical Facilities,2022-23,2025-26,4,0,,,,
facility_data.laptop,facility_data.laptop,facility_data,laptop,Physical Facilities,2018-19,2025-26,8,0,2.25(a)(ii),Number of laptops,count,
facility_data.librarian_yn,facility_data.librarian_yn,facility_data,librarian_yn,Physical Facilities,2025-26,2025-26,1,0,2.11(b),Does the school have a full-time librarian?,"1-Yes, 2-No",ungated-dependency
facility_data.library_availability,facility_data.library_availability,facility_data,library_availability,Physical Facilities,2018-19,2025-26,8,0,2.11(a),Whether the school has Library facility/Book Bank/Reading Corner? — Library,"1-Yes, 2-No",
facility_data.math_lab_cond,facility_data.math_lab_cond,facility_data,math_lab_cond,Physical Facilities,2022-23,2025-26,4,0,2.22(c),Does the school have the following laboratories? (For Higher Secondary sections only) — Math’s Kit**,"1-Yes, 2-No",
facility_data.medical_checkups,facility_data.medical_checkups,facility_data,medical_checkups,Physical Facilities,2018-19,2025-26,8,0,2.14(a),Whether Health check-up of students was conducted,"1-Yes, 2-No",
facility_data.no_building_blocks,facility_data.no_building_blocks,facility_data,no_building_blocks,Physical Facilities,2018-19,2025-26,8,0,2.2(i),Type of School Building: — Total Number of Active* building blocks of the school,,
facility_data.other_rooms,facility_data.other_rooms,facility_data,other_rooms,Physical Facilities,2018-19,2025-26,8,0,2.6,Details of Rooms other than Classrooms (excluding toilets),count,
facility_data.othsrc_fun_yn,facility_data.othsrc_fun_yn,facility_data,othsrc_fun_yn,Physical Facilities,2022-23,2025-26,4,0,2.9,Other source functional,"1-Yes, 2-No",
facility_data.othsrc_yn,facility_data.othsrc_yn,facility_data,othsrc_yn,Physical Facilities,2022-23,2025-26,4,0,2.9(a),Main Source of Drinking Water — other source,"1-Yes, 2-No",
facility_data.pack_water_fun_yn,facility_data.pack_water_fun_yn,facility_data,pack_water_fun_yn,Physical Facilities,2022-23,2025-26,4,0,2.9,Packaged water functional,"1-Yes, 2-No",
facility_data.pack_water_yn,facility_data.pack_water_yn,facility_data,pack_water_yn,Physical Facilities,2022-23,2025-26,4,0,2.9(a),Main Source of Drinking Water — packaged water,"1-Yes, 2-No",
facility_data.phy_lab_cond,facility_data.phy_lab_cond,facility_data,phy_lab_cond,Physical Facilities,2022-23,2025-26,4,0,,,,
facility_data.playground_alt_yn,facility_data.playground_alt_yn,facility_data,playground_alt_yn,Physical Facilities,2022-23,2025-26,4,0,2.13,"If no playground, whether adequate arrangements exist for outdoor games","0, 1-Yes, 2-No, 9-Not applicable",
facility_data.playground_available,facility_data.playground_available,facility_data,playground_available,Physical Facilities,2018-19,2025-26,8,0,2.13,Whether Playground facility is available in the School?,"1-Yes, 2-No",
facility_data.printer,facility_data.printer,facility_data,printer,Physical Facilities,2018-19,2025-26,8,0,2.25,Number of printers,count,
facility_data.projector,facility_data.projector,facility_data,projector,Physical Facilities,2018-19,2025-26,8,0,2.25,Number of projectors,count,
facility_data.pseudocode,facility_data.psuedocode,facility_data,pseudocode,Physical Facilities,2022-23,2025-26,4,0,,,,pseudocode-stability spelling-of-the-key
facility_data.psuedocode,facility_data.psuedocode,facility_data,psuedocode,Physical Facilities,2018-19,2021-22,4,0,,,,pseudocode-stability spelling-of-the-key
facility_data.psycho_lab_cond,facility_data.psycho_lab_cond,facility_data,psycho_lab_cond,Physical Facilities,2022-23,2025-26,4,0,,,,
facility_data.psycho_social,facility_data.psycho_social,facility_data,psycho_social,Physical Facilities,2025-26,2025-26,1,0,3.2(b),Details of Teaching Staffs (Including Head Master/Mistress/Principal/HoS) — psycho-social aspects:,"1-Yes, 2-No",
facility_data.pucca_building_blocks,facility_data.pucca_building_blocks,facility_data,pucca_building_blocks,Physical Facilities,2018-19,2025-26,8,0,2.2(i),Type of School Building: — Total Number of Active* building blocks of the school,,
facility_data.rain_water_harvesting,facility_data.rain_water_harvesting,facility_data,rain_water_harvesting,Physical Facilities,2018-19,2025-26,8,0,2.10,Does the school have provision for rain water harvesting?,"1-Yes, 2-No, 3-Yes but not functional",type-code-as-binary
facility_data.reading_corner,facility_data.reading_corner,facility_data,reading_corner,Physical Facilities,2022-23,2025-26,4,0,2.11(a),Whether the school has Library facility/Book Bank/Reading Corner? — Reading Corner,"1-Yes, 2-No",state-conventions
facility_data.separate_room_for_hm,facility_data.separate_room_for_hm,facility_data,separate_room_for_hm,Physical Facilities,2018-19,2025-26,8,0,2.6,Separate room for the Head Master / Head Teacher,"1-Yes, 2-No",
facility_data.server_tot,facility_data.server_tot,facility_data,server_tot,Physical Facilities,2022-23,2025-26,4,0,,,,
facility_data.smart_class_tv_tot,facility_data.smart_class_tv_tot,facility_data,smart_class_tv_tot,Physical Facilities,2022-23,2025-26,4,0,,,,
facility_data.solar_panel,facility_data.solar_panel,facility_data,solar_panel,Physical Facilities,2018-19,2025-26,8,0,2.5(b),Whether Solar Panel is available in school?,"1-Yes, 2-No, 3-Yes but not Functional",type-code-as-binary
facility_data.spl_educator_yn,facility_data.spl_educator_yn,facility_data,spl_educator_yn,Physical Facilities,2022-23,2025-26,4,0,3.x,Whether a special educator is available,"1-Yes, 2-No, 3-Shared",
facility_data.staff_qtr_yn,facility_data.staff_qtr_yn,facility_data,staff_qtr_yn,Physical Facilities,2025-26,2025-26,1,0,2.x,Whether staff quarters are available,"1-Yes, 2-No, 9-Not applicable",
facility_data.tablet,facility_data.tablet,facility_data,tablet,Physical Facilities,2018-19,2025-26,8,0,2.25,Number of tablets,count,
facility_data.tap_fun_yn,facility_data.tap_fun_yn,facility_data,tap_fun_yn,Physical Facilities,2022-23,2025-26,4,0,2.9,Tap water functional,"1-Yes, 2-No",
facility_data.tap_yn,facility_data.tap_yn,facility_data,tap_yn,Physical Facilities,2022-23,2025-26,4,0,2.9(a),Main Source of Drinking Water — tap water,"1-Yes, 2-No",
facility_data.teachdev_tot,facility_data.teachdev_tot,facility_data,teachdev_tot,Physical Facilities,2022-23,2025-26,4,0,2.24d,Computer or Digital Equipment Status: — PCs with Integrated Teaching Learning Devices,,
facility_data.tinkering_lab_yn,facility_data.tinkering_lab_yn,facility_data,tinkering_lab_yn,Physical Facilities,2025-26,2025-26,1,0,2.x,Whether an Atal Tinkering Lab is available,"1-Yes, 2-No, 9-Not applicable",
facility_data.total_boys_cwsn_toilet,facility_data.total_boys_cwsn_toilet,facility_data,total_boys_cwsn_toilet,Physical Facilities,2022-23,2025-26,4,0,2.7i,Does the School have Toilet(s)/Urinal(s)? — excluding CWSN friendly,,
facility_data.total_boys_func_toilet,facility_data.total_boys_func_toilet,facility_data,total_boys_func_toilet,Physical Facilities,2018-19,2025-26,8,0,2.7,"Boys' toilets, functional",count,
facility_data.total_boys_toilet,facility_data.total_boys_toilet,facility_data,total_boys_toilet,Physical Facilities,2018-19,2025-26,8,0,2.7,"Does the School have Toilet(s)/Urinal(s)? — boys, total",count,
facility_data.total_class_rooms,facility_data.total_class_rooms,facility_data,total_class_rooms,Physical Facilities,2018-19,2025-26,8,0,2.3(a),Details of Classrooms available in the school (Laboratory rooms NOT to be included),count,
facility_data.total_girls_cwsn_toilet,facility_data.total_girls_cwsn_toilet,facility_data,total_girls_cwsn_toilet,Physical Facilities,2022-23,2025-26,4,0,2.7i,Does the School have Toilet(s)/Urinal(s)? — excluding CWSN friendly,,
facility_data.total_girls_func_toilet,facility_data.total_girls_func_toilet,facility_data,total_girls_func_toilet,Physical Facilities,2018-19,2025-26,8,0,2.7,"Girls' toilets, functional",count,
facility_data.total_girls_toilet,facility_data.total_girls_toilet,facility_data,total_girls_toilet,Physical Facilities,2018-19,2025-26,8,0,2.7,"Does the School have Toilet(s)/Urinal(s)? — girls, total",count,
facility_data.urinal_boys,facility_data.urinal_boys,facility_data,urinal_boys,Physical Facilities,2018-19,2025-26,8,0,2.7,Urinals for boys,count,
facility_data.urinal_girls,facility_data.urinla_girls,facility_data,urinal_girls,Physical Facilities,2022-23,2025-26,4,0,2.7(e),Does the School have Toilet(s)/Urinal(s)? — Whether incinerator is available in Girl’s toilet?,"1-Yes, 2-No, 3-Yes, but Not Functional",urinal-typo
facility_data.urinla_girls,facility_data.urinla_girls,facility_data,urinla_girls,Physical Facilities,2018-19,2021-22,4,0,,,,urinal-typo union-artefact
facility_data.well_prot_fun_yn,facility_data.well_prot_fun_yn,facility_data,well_prot_fun_yn,Physical Facilities,2022-23,2025-26,4,0,2.9,Protected well functional,"1-Yes, 2-No",
facility_data.well_prot_yn,facility_data.well_prot_yn,facility_data,well_prot_yn,Physical Facilities,2022-23,2025-26,4,0,2.9(a),Main Source of Drinking Water — protected well,"1-Yes, 2-No",
facility_data.well_unprot_fun_yn,facility_data.well_unprot_fun_yn,facility_data,well_unprot_fun_yn,Physical Facilities,2022-23,2025-26,4,0,2.9,Unprotected well functional,"1-Yes, 2-No",
facility_data.well_unprot_yn,facility_data.well_unprot_yn,facility_data,well_unprot_yn,Physical Facilities,2022-23,2025-26,4,0,2.9(a),Main Source of Drinking Water — unprotected well,"1-Yes, 2-No",
profile_data_1.aff_board_hsec,profile_data_1.aff_board_hsec,profile_data_1,aff_board_hsec,School Profile,2018-19,2025-26,8,0,1.19d,Year of Recognition of the school (Mandatory for Govt. Aided and Pvt. Unaided Schools): — Higher Secondary,,
profile_data_1.aff_board_sec,profile_data_1.aff_board_sec,profile_data_1,aff_board_sec,School Profile,2018-19,2025-26,8,0,1.16,Affiliation Board of the school for SECONDARY Sections:,,
profile_data_1.anganwadi_boys,profile_data_1.anganwadi_boys,profile_data_1,anganwadi_boys,School Profile,2018-19,2021-22,4,0,1.36(b),Whether Anganwadi Centre is located inside the school premises ? — Total Children in Anganwadi Centre :        Boys :                                Girls :,"1-Yes, 2-No",
profile_data_1.anganwadi_ecce_b,profile_data_1.anganwadi_boys,profile_data_1,anganwadi_ecce_b,School Profile,2022-23,2025-26,4,0,,,,
profile_data_1.anganwadi_ecce_g,profile_data_1.anganwadi_girls,profile_data_1,anganwadi_ecce_g,School Profile,2022-23,2025-26,4,0,,,,
profile_data_1.anganwadi_girls,profile_data_1.anganwadi_girls,profile_data_1,anganwadi_girls,School Profile,2018-19,2021-22,4,0,1.36(b),Whether Anganwadi Centre is located inside the school premises ? — Total Children in Anganwadi Centre :        Boys :                                Girls :,"1-Yes, 2-No",
profile_data_1.anganwadi_premises,profile_data_1.anganwadi_premises,profile_data_1,anganwadi_premises,School Profile,2018-19,2021-22,4,0,1.41,Whether Anganwadi Centre(s) is/are located inside the school premises?,,undocumented-code-9
profile_data_1.anganwadi_worker,profile_data_1.anganwadi_worker,profile_data_1,anganwadi_worker,School Profile,2018-19,2021-22,4,0,1.36(c),Whether Anganwadi Centre is located inside the school premises ? — Is the Anganwadi Worker trained in early childhood education :,"1-Yes, 2-No",
profile_data_1.anganwadi_yn,profile_data_1.anganwadi_premises,profile_data_1,anganwadi_yn,School Profile,2022-23,2025-26,4,0,1.40,Whether Anganwadi Centre(s) is/are located inside the school premises?,,undocumented-code-9
profile_data_1.approachable_road,profile_data_1.approachable_road,profile_data_1,approachable_road,School Profile,2018-19,2025-26,8,0,1.37,Whether School is Approachable by All-Weather Roads?,,
profile_data_1.assembly,profile_data_1.assembly,profile_data_1,assembly,School Profile,2018-19,2021-22,4,0,1.8,(a) Name of the Assembly Constituency :,,
profile_data_1.avg_instr_days,profile_data_1.avg_instr_days,profile_data_1,avg_instr_days,School Profile,2022-23,2025-26,4,0,1.38,Number of instructional days (in previous academic year):,,
profile_data_1.avg_school_hrs_student_hsec,profile_data_1.avg_school_hrs_student_hsec,profile_data_1,avg_school_hrs_student_hsec,School Profile,2018-19,2021-22,4,0,,,,
profile_data_1.avg_school_hrs_student_pr,profile_data_1.avg_school_hrs_student_pr,profile_data_1,avg_school_hrs_student_pr,School Profile,2018-19,2021-22,4,0,,,,
profile_data_1.avg_school_hrs_student_sec,profile_data_1.avg_school_hrs_student_sec,profile_data_1,avg_school_hrs_student_sec,School Profile,2018-19,2021-22,4,0,,,,
profile_data_1.avg_school_hrs_student_up,profile_data_1.avg_school_hrs_student_up,profile_data_1,avg_school_hrs_student_up,School Profile,2018-19,2021-22,4,0,,,,
profile_data_1.avg_school_hrs_teacher_hsec,profile_data_1.avg_school_hrs_teacher_hsec,profile_data_1,avg_school_hrs_teacher_hsec,School Profile,2018-19,2021-22,4,0,,,,
profile_data_1.avg_school_hrs_teacher_pr,profile_data_1.avg_school_hrs_teacher_pr,profile_data_1,avg_school_hrs_teacher_pr,School Profile,2018-19,2021-22,4,0,,,,
profile_data_1.avg_school_hrs_teacher_sec,profile_data_1.avg_school_hrs_teacher_sec,profile_data_1,avg_school_hrs_teacher_sec,School Profile,2018-19,2021-22,4,0,,,,
profile_data_1.avg_school_hrs_teacher_up,profile_data_1.avg_school_hrs_teacher_up,profile_data_1,avg_school_hrs_teacher_up,School Profile,2018-19,2021-22,4,0,,,,
profile_data_1.block,profile_data_1.block,profile_data_1,block,School Profile,2022-23,2025-26,4,0,,,,
profile_data_1.cce_hsec,profile_data_1.cce_hsec,profile_data_1,cce_hsec,School Profile,2018-19,2021-22,4,0,1.40(d),Is CCE being implemented in school? : — Higher secondary :,"1-Yes, 2-No",
profile_data_1.cce_pr,profile_data_1.cce_pr,profile_data_1,cce_pr,School Profile,2018-19,2021-22,4,0,1.36(i),Is Continuous and Comprehensive Evaluation (CCE) being implemented in School? — Primary,"1-Yes, 2-No",
profile_data_1.cce_sec,profile_data_1.cce_sec,profile_data_1,cce_sec,School Profile,2018-19,2021-22,4,0,1.40(c),Is CCE being implemented in school? : — Secondary :,"1-Yes, 2-No",
profile_data_1.cce_up,profile_data_1.cce_up,profile_data_1,cce_up,School Profile,2018-19,2021-22,4,0,1.19b,Year of Recognition of the school (Mandatory for Govt. Aided and Pvt. Unaided Schools): — Upper primary:,,
profile_data_1.cce_yn,profile_data_1.cce_yn,profile_data_1,cce_yn,School Profile,2022-23,2025-26,4,0,,,,
profile_data_1.certified_fit_india_yn,profile_data_1.certified_fit_india_yn,profile_data_1,certified_fit_india_yn,School Profile,2025-26,2025-26,1,0,1.53,Is the School certified as Fit India School?,"1-Yes, 2-No",undocumented-code-9
profile_data_1.city,profile_data_1.city,profile_data_1,city,School Profile,2018-19,2020-21,3,0,,,,
profile_data_1.cwsn_sch_type,profile_data_1.cwsn_sch_type,profile_data_1,cwsn_sch_type,School Profile,2025-26,2025-26,1,0,4.6,Enrolment by Grade for Children with Special Needs (CWSN) By Type of Impairment:,,
profile_data_1.district,profile_data_1.district,profile_data_1,district,School Profile,2018-19,2025-26,8,0,1.2,Name of the District :,,
profile_data_1.estd_year,profile_data_1.estd_year,profile_data_1,estd_year,School Profile,2025-26,2025-26,1,0,1.23,Year of Establishment of school,year,
profile_data_1.highclass,profile_data_1.highclass,profile_data_1,highclass,School Profile,2018-19,2025-26,8,0,1.13a,Lowest and Highest Classes in the School : — Lowest and Highest Class in School (e.g. 1 to 5) : to,,
profile_data_1.instr_days_hsec,profile_data_1.instr_days_hsec,profile_data_1,instr_days_hsec,School Profile,2018-19,2021-22,4,0,1.33(d),Number of instructional days (previous academic year) : — Higher Secondary,,
profile_data_1.instr_days_pr,profile_data_1.instr_days_pr,profile_data_1,instr_days_pr,School Profile,2018-19,2021-22,4,0,1.33(a),Number of instructional days (previous academic year) : — Primary:,,
profile_data_1.instr_days_sec,profile_data_1.instr_days_sec,profile_data_1,instr_days_sec,School Profile,2018-19,2021-22,4,0,1.33(c),Number of instructional days (previous academic year) : — Secondary:,,
profile_data_1.instr_days_up,profile_data_1.instr_days_up,profile_data_1,instr_days_up,School Profile,2018-19,2021-22,4,0,1.33(b),Number of instructional days (previous academic year) : — Upper Primary:,,
profile_data_1.is_nsqf,profile_data_1.is_nsqf,profile_data_1,is_nsqf,School Profile,2025-26,2025-26,1,0,1.30,Does the school provide any vocational courses under NSQF,,undocumented-code-9
profile_data_1.learner_holistic_rptcard_yn,profile_data_1.learner_holistic_rptcard_yn,profile_data_1,learner_holistic_rptcard_yn,School Profile,2025-26,2025-26,1,0,,,,
profile_data_1.lgd_block_name,profile_data_1.lgd_block_name,profile_data_1,lgd_block_name,School Profile,2022-23,2025-26,4,0,1.3,Name of the UDISE+ Block:,,
profile_data_1.lgd_urban_local_body_name,profile_data_1.city,profile_data_1,lgd_urban_local_body_name,School Profile,2021-22,2025-26,5,0,1.4(d),School Location Type : — Urban Local bodies (As per LGD):,"1-RURAL, 2-URBAN",
profile_data_1.lgd_vill_name,profile_data_1.lgd_vill_name,profile_data_1,lgd_vill_name,School Profile,2021-22,2025-26,5,0,,,,
profile_data_1.lgd_vill_panchayat_name,profile_data_1.panchyat,profile_data_1,lgd_vill_panchayat_name,School Profile,2021-22,2025-26,5,0,1.4(c),School Location Type : — Name of Gram Panchayat (As Per LGD):,"1-RURAL, 2-URBAN",
profile_data_1.lgd_ward_name,profile_data_1.municipality,profile_data_1,lgd_ward_name,School Profile,2021-22,2025-26,5,0,1.4(e),School Location Type : — Ward Name (As Per LGD):,"1-RURAL, 2-URBAN",
profile_data_1.lowclass,profile_data_1.lowclass,profile_data_1,lowclass,School Profile,2018-19,2025-26,8,0,1.13a,Lowest and Highest Classes in the School : — Lowest and Highest Class in School (e.g. 1 to 5) : to,,
profile_data_1.managment,profile_data_1.managment,profile_data_1,managment,School Profile,2018-19,2025-26,8,0,1.12(b),Management Code of School,"1-Dept of Education, 2-Tribal Welfare, 3-Local Body, 4-Govt Aided, 5-Private Unaided (Recognised), 6-Other State Govt, 7-Partially Govt Aided, 8-Unrecognized, 89-Minority Affairs, 90-Social Welfare, 91-Ministry of Labour, 92-KVS, 93-NVS, 94-Sainik, 95-Railway, 96-Central Tibetan, 97-Madrasa Pvt Unaided, 98-Madarsa Unrecognized, 99-Madrasa Aided, 101-Other Central Govt/PSU, 102-Veda School",meaning-change unmapped-codes
profile_data_1.medium_instr1,profile_data_1.medium_instr1,profile_data_1,medium_instr1,School Profile,2018-19,2025-26,8,0,1.29,Medium of instruction(s) in the School: [Mention Mediums (if more than one) according to Number of,,
profile_data_1.medium_of_instr2,profile_data_1.medium_of_instr2,profile_data_1,medium_of_instr2,School Profile,2018-19,2025-26,8,0,1.29,Medium of instruction(s) in the School: [Mention Mediums (if more than one) according to Number of,,
profile_data_1.medium_of_instr3,profile_data_1.medium_of_instr3,profile_data_1,medium_of_instr3,School Profile,2018-19,2025-26,8,0,1.29,Medium of instruction(s) in the School: [Mention Mediums (if more than one) according to Number of,,
profile_data_1.medium_of_instr4,profile_data_1.medium_of_instr4,profile_data_1,medium_of_instr4,School Profile,2018-19,2025-26,8,0,1.29,Medium of instruction(s) in the School: [Mention Mediums (if more than one) according to Number of,,
profile_data_1.minority_school,profile_data_1.minority_school,profile_data_1,minority_school,School Profile,2018-19,2025-26,8,0,1.28,Is this a minority managed school?,"1-Yes, 2-No; then 1-Muslim, 2-Sikh, 3-Jain, 4-Christian, 5-Parsi, 6-Buddhist, 8-Linguistic Minority",undocumented-code-9
profile_data_1.municipality,profile_data_1.municipality,profile_data_1,municipality,School Profile,2018-19,2020-21,3,0,,,,
profile_data_1.other_sch_b,profile_data_1.other_sch_b,profile_data_1,other_sch_b,School Profile,2022-23,2025-26,4,0,,,,
profile_data_1.other_sch_g,profile_data_1.other_sch_g,profile_data_1,other_sch_g,School Profile,2022-23,2025-26,4,0,,,,
profile_data_1.panchyat,profile_data_1.panchyat,profile_data_1,panchyat,School Profile,2018-19,2020-21,3,0,1.4c,School Location Type : — Name of Gram Panchayat (As Per LGD):,,panchyat-typo
profile_data_1.parliamentary,profile_data_1.parliamentary,profile_data_1,parliamentary,School Profile,2018-19,2021-22,4,0,1.8b,(a) Name of the Assembly Constituency : — Name of the Parliamentary Constituency:,,
profile_data_1.pincode,profile_data_1.pincode,profile_data_1,pincode,School Profile,2018-19,2025-26,8,0,1.6,Pin Code :,,
profile_data_1.pre_primary,profile_data_1.pre_primary,profile_data_1,pre_primary,School Profile,2018-19,2025-26,8,0,1.13b,Lowest and Highest Classes in the School : — Whether Pre-Primary section (other than Anganwadis) attached to school?,,
profile_data_1.prevoc_yn,profile_data_1.prevoc_yn,profile_data_1,prevoc_yn,School Profile,2025-26,2025-26,1,0,1.31,Does the school offer any pre-vocational exposure at Upper-Primary stage?,,undocumented-code-9
profile_data_1.pseudocode,profile_data_1.psuedocode,profile_data_1,pseudocode,School Profile,2022-23,2025-26,4,0,,,,pseudocode-stability spelling-of-the-key
profile_data_1.psuedocode,profile_data_1.psuedocode,profile_data_1,psuedocode,School Profile,2018-19,2021-22,4,0,,,,pseudocode-stability spelling-of-the-key
profile_data_1.remedial_tch_enrol,profile_data_1.remedial_tch_enrol,profile_data_1,remedial_tch_enrol,School Profile,2025-26,2025-26,1,0,1.43,Number of students attending Remedial Teaching/Extra Classes in current year:,,
profile_data_1.resi_school,profile_data_1.resi_school,profile_data_1,resi_school,School Profile,2018-19,2025-26,8,0,,,,
profile_data_1.resi_type,profile_data_1.resi_type,profile_data_1,resi_type,School Profile,2018-19,2025-26,8,0,1.33a,Is this a Residential School? — Type of Residential school:,,
profile_data_1.rte_25p_admission_yn,profile_data_1.rte_25p_admission_yn,profile_data_1,rte_25p_admission_yn,School Profile,2025-26,2025-26,1,0,1.29,"Does the School take admission under Section 12 of the RTE Act (25% Quota of entry-level seats)? — set at ADMIN level, private unaided only","1-Yes, 2-No",
profile_data_1.rural_urban,profile_data_1.rural_urban,profile_data_1,rural_urban,School Profile,2018-19,2025-26,8,0,1.2,"Is the School located in Rural or Urban Area:                        (Rural = 1, Urban = 2)",,
profile_data_1.same_sch_b,profile_data_1.same_sch_b,profile_data_1,same_sch_b,School Profile,2022-23,2025-26,4,0,,,,
profile_data_1.same_sch_g,profile_data_1.same_sch_g,profile_data_1,same_sch_g,School Profile,2022-23,2025-26,4,0,,,,
profile_data_1.school_category,profile_data_1.school_category,profile_data_1,school_category,School Profile,2018-19,2025-26,8,0,,,,
profile_data_1.school_type,profile_data_1.school_type,profile_data_1,school_type,School Profile,2018-19,2025-26,8,0,,,,
profile_data_1.shift_school,profile_data_1.shift_school,profile_data_1,shift_school,School Profile,2018-19,2025-26,8,0,1.x,Whether the school runs in shifts,"1-Yes, 2-No",
profile_data_1.smdc_pta_meeting,profile_data_1.smdc_pta_meeting,profile_data_1,smdc_pta_meeting,School Profile,2025-26,2025-26,1,0,1.51(b),Whether School Management Committee (SMC) and School Management and Development — Number of SMDC meetings held during the last academic year,,
profile_data_1.smdc_pta_yn,profile_data_1.smdc_pta_yn,profile_data_1,smdc_pta_yn,School Profile,2025-26,2025-26,1,0,1.47c,(a) Whether the School Building Committee (SBC) has been constituted? — Whether the School has constituted its Parent-Teacher Association (PTA)?,,
profile_data_1.special_school_for_cwsn,profile_data_1.special_school_for_cwsn,profile_data_1,special_school_for_cwsn,School Profile,2018-19,2025-26,8,0,4.6,Enrolment By Grade for children with special needs,,
profile_data_1.state,profile_data_1.state,profile_data_1,state,School Profile,2018-19,2025-26,8,0,,,,
profile_data_1.stc_yn,profile_data_1.stc_yn,profile_data_1,stc_yn,School Profile,2025-26,2025-26,1,0,1.32,Does the school run any skill training center after school hours?,,undocumented-code-9
profile_data_1.year_of_establishment,profile_data_1.year_of_establishment,profile_data_1,year_of_establishment,School Profile,2018-19,2021-22,4,0,1.23,Year of Establishment of school:,,
profile_data_1.year_of_recognition_hsec,profile_data_1.year_of_recognition_hsec,profile_data_1,year_of_recognition_hsec,School Profile,2018-19,2021-22,4,0,1.21(d),Year of Recognition of the school : — Higher secondary :,,
profile_data_1.year_of_recognition_pr,profile_data_1.year_of_recognition_pr,profile_data_1,year_of_recognition_pr,School Profile,2018-19,2021-22,4,0,1.21(a),Year of Recognition of the school : — Primary :,,
profile_data_1.year_of_recognition_sec,profile_data_1.year_of_recognition_sec,profile_data_1,year_of_recognition_sec,School Profile,2018-19,2021-22,4,0,1.21(c),Year of Recognition of the school : — Secondary :,,
profile_data_1.year_of_recognition_up,profile_data_1.year_of_recognition_up,profile_data_1,year_of_recognition_up,School Profile,2018-19,2021-22,4,0,1.21(b),Year of Recognition of the school : — Upper Primary :,,
profile_data_2.acad_inspections,profile_data_2.acad_inspections,profile_data_2,acad_inspections,School Profile,2018-19,2025-26,8,0,1.49(a),Details of visits to the school during the previous academic year : — No. of academic inspections :,,
profile_data_2.balavatika_located_yn,profile_data_2.balavatika_located_yn,profile_data_2,balavatika_located_yn,School Profile,2022-23,2025-26,4,0,1.41,Whether Balavatika is started in the Co- located Anganwadi/school?,"1-Yes, 2-No",undocumented-code-9
profile_data_2.block_level_officers,profile_data_2.block_level_officers,profile_data_2,block_level_officers,School Profile,2018-19,2025-26,8,0,1.49(c),Details of visits to the school during the previous academic year : — No. of visits by Block Level Officers (BRC/BEO):,,
profile_data_2.crc_coordinator,profile_data_2.crc_coordinator,profile_data_2,crc_coordinator,School Profile,2018-19,2025-26,8,0,1.44(b),Details of visits to the school during the previous academic year: — Number of visits by CRC Coordinator:,,
profile_data_2.district_officers,profile_data_2.district_officers,profile_data_2,district_officers,School Profile,2018-19,2025-26,8,0,1.49(d),Details of visits to the school during the previous academic year : — No of visits by District/State Level Officers:,,
profile_data_2.free_text_books_pr,profile_data_2.free_text_books_pr,profile_data_2,free_text_books_pr,School Profile,2018-19,2025-26,8,0,1.56,"Availability of free text books, Teaching Learning Material (TLM), Play material (in current academic",,
profile_data_2.free_text_books_up,profile_data_2.free_text_books_up,profile_data_2,free_text_books_up,School Profile,2018-19,2025-26,8,0,1.56,"Availability of free text books, Teaching Learning Material (TLM), Play material (in current academic",,
profile_data_2.free_uniform_pr,profile_data_2.free_uniform_pr,profile_data_2,free_uniform_pr,School Profile,2018-19,2025-26,8,0,5.1,"Facilities provided to children in Previous Academic Year for PRIMARY Grade: ** (B- Boys, G- Girls, T- Transgender)",,
profile_data_2.free_uniform_up,profile_data_2.free_uniform_up,profile_data_2,free_uniform_up,School Profile,2018-19,2025-26,8,0,,,,
profile_data_2.grants_expenditure,profile_data_2.grants_expenditure,profile_data_2,grants_expenditure,School Profile,2018-19,2025-26,8,0,,,,
profile_data_2.grants_receipt,profile_data_2.grants_receipt,profile_data_2,grants_receipt,School Profile,2018-19,2025-26,8,0,,,,
profile_data_2.material_training,profile_data_2.material_training,profile_data_2,material_training,School Profile,2018-19,2025-26,8,0,1.43b,Whether any Out of School Children enrolled in the school are — Number of children ENROLLED for Special Training in PREVIOUS Academic year:,,
profile_data_2.pseudocode,profile_data_2.psuedocode,profile_data_2,pseudocode,School Profile,2022-23,2025-26,4,0,,,,pseudocode-stability spelling-of-the-key
profile_data_2.psuedocode,profile_data_2.psuedocode,profile_data_2,psuedocode,School Profile,2018-19,2021-22,4,0,,,,pseudocode-stability spelling-of-the-key
profile_data_2.rte_bld_c0_b,profile_data_2.rte_bld_c0_b,profile_data_2,rte_bld_c0_b,School Profile,2018-19,2018-19,1,0,,,,
profile_data_2.rte_bld_c0_g,profile_data_2.rte_bld_c0_g,profile_data_2,rte_bld_c0_g,School Profile,2018-19,2018-19,1,0,,,,
profile_data_2.rte_bld_c1_b,profile_data_2.rte_bld_c1_b,profile_data_2,rte_bld_c1_b,School Profile,2018-19,2018-19,1,0,,,,
profile_data_2.rte_bld_c1_g,profile_data_2.rte_bld_c1_g,profile_data_2,rte_bld_c1_g,School Profile,2018-19,2018-19,1,0,,,,
profile_data_2.rte_bld_c2_b,profile_data_2.rte_bld_c2_b,profile_data_2,rte_bld_c2_b,School Profile,2018-19,2018-19,1,0,,,,
profile_data_2.rte_bld_c2_g,profile_data_2.rte_bld_c2_g,profile_data_2,rte_bld_c2_g,School Profile,2018-19,2018-19,1,0,,,,
profile_data_2.rte_bld_c3_b,profile_data_2.rte_bld_c3_b,profile_data_2,rte_bld_c3_b,School Profile,2018-19,2018-19,1,0,,,,
profile_data_2.rte_bld_c3_g,profile_data_2.rte_bld_c3_g,profile_data_2,rte_bld_c3_g,School Profile,2018-19,2018-19,1,0,,,,
profile_data_2.rte_bld_c4_b,profile_data_2.rte_bld_c4_b,profile_data_2,rte_bld_c4_b,School Profile,2018-19,2018-19,1,0,,,,
profile_data_2.rte_bld_c4_g,profile_data_2.rte_bld_c4_g,profile_data_2,rte_bld_c4_g,School Profile,2018-19,2018-19,1,0,,,,
profile_data_2.rte_bld_c5_b,profile_data_2.rte_bld_c5_b,profile_data_2,rte_bld_c5_b,School Profile,2018-19,2018-19,1,0,,,,
profile_data_2.rte_bld_c5_g,profile_data_2.rte_bld_c5_g,profile_data_2,rte_bld_c5_g,School Profile,2018-19,2018-19,1,0,,,,
profile_data_2.rte_bld_c6_b,profile_data_2.rte_bld_c6_b,profile_data_2,rte_bld_c6_b,School Profile,2018-19,2018-19,1,0,,,,
profile_data_2.rte_bld_c6_g,profile_data_2.rte_bld_c6_g,profile_data_2,rte_bld_c6_g,School Profile,2018-19,2018-19,1,0,,,,
profile_data_2.rte_bld_c7_b,profile_data_2.rte_bld_c7_b,profile_data_2,rte_bld_c7_b,School Profile,2018-19,2018-19,1,0,,,,
profile_data_2.rte_bld_c7_g,profile_data_2.rte_bld_c7_g,profile_data_2,rte_bld_c7_g,School Profile,2018-19,2018-19,1,0,,,,
profile_data_2.rte_bld_c8_b,profile_data_2.rte_bld_c8_b,profile_data_2,rte_bld_c8_b,School Profile,2018-19,2018-19,1,0,,,,
profile_data_2.rte_bld_c8_g,profile_data_2.rte_bld_c8_g,profile_data_2,rte_bld_c8_g,School Profile,2018-19,2018-19,1,0,,,,
profile_data_2.rte_ews_c0_b,profile_data_2.rte_bld_c0_b,profile_data_2,rte_ews_c0_b,School Profile,2019-20,2021-22,3,0,,,,
profile_data_2.rte_ews_c0_g,profile_data_2.rte_bld_c0_g,profile_data_2,rte_ews_c0_g,School Profile,2019-20,2021-22,3,0,,,,
profile_data_2.rte_ews_c10_b,profile_data_2.rte_ews_c10_b,profile_data_2,rte_ews_c10_b,School Profile,2018-19,2021-22,4,0,,,,
profile_data_2.rte_ews_c10_g,profile_data_2.rte_ews_c10_g,profile_data_2,rte_ews_c10_g,School Profile,2018-19,2021-22,4,0,,,,
profile_data_2.rte_ews_c11_b,profile_data_2.rte_ews_c11_b,profile_data_2,rte_ews_c11_b,School Profile,2018-19,2021-22,4,0,,,,
profile_data_2.rte_ews_c11_g,profile_data_2.rte_ews_c11_g,profile_data_2,rte_ews_c11_g,School Profile,2018-19,2021-22,4,0,,,,
profile_data_2.rte_ews_c12_b,profile_data_2.rte_ews_c12_b,profile_data_2,rte_ews_c12_b,School Profile,2018-19,2021-22,4,0,,,,
profile_data_2.rte_ews_c12_g,profile_data_2.rte_ews_c12_g,profile_data_2,rte_ews_c12_g,School Profile,2018-19,2021-22,4,0,,,,
profile_data_2.rte_ews_c1_b,profile_data_2.rte_bld_c1_b,profile_data_2,rte_ews_c1_b,School Profile,2019-20,2021-22,3,0,,,,
profile_data_2.rte_ews_c1_g,profile_data_2.rte_bld_c1_g,profile_data_2,rte_ews_c1_g,School Profile,2019-20,2021-22,3,0,,,,
profile_data_2.rte_ews_c2_b,profile_data_2.rte_bld_c2_b,profile_data_2,rte_ews_c2_b,School Profile,2019-20,2021-22,3,0,,,,
profile_data_2.rte_ews_c2_g,profile_data_2.rte_bld_c2_g,profile_data_2,rte_ews_c2_g,School Profile,2019-20,2021-22,3,0,,,,
profile_data_2.rte_ews_c3_b,profile_data_2.rte_bld_c3_b,profile_data_2,rte_ews_c3_b,School Profile,2019-20,2021-22,3,0,,,,
profile_data_2.rte_ews_c3_g,profile_data_2.rte_bld_c3_g,profile_data_2,rte_ews_c3_g,School Profile,2019-20,2021-22,3,0,,,,
profile_data_2.rte_ews_c4_b,profile_data_2.rte_bld_c4_b,profile_data_2,rte_ews_c4_b,School Profile,2019-20,2021-22,3,0,,,,
profile_data_2.rte_ews_c4_g,profile_data_2.rte_bld_c4_g,profile_data_2,rte_ews_c4_g,School Profile,2019-20,2021-22,3,0,,,,
profile_data_2.rte_ews_c5_b,profile_data_2.rte_bld_c5_b,profile_data_2,rte_ews_c5_b,School Profile,2019-20,2021-22,3,0,,,,
profile_data_2.rte_ews_c5_g,profile_data_2.rte_bld_c5_g,profile_data_2,rte_ews_c5_g,School Profile,2019-20,2021-22,3,0,,,,
profile_data_2.rte_ews_c6_b,profile_data_2.rte_bld_c6_b,profile_data_2,rte_ews_c6_b,School Profile,2019-20,2021-22,3,0,,,,
profile_data_2.rte_ews_c6_g,profile_data_2.rte_bld_c6_g,profile_data_2,rte_ews_c6_g,School Profile,2019-20,2021-22,3,0,,,,
profile_data_2.rte_ews_c7_b,profile_data_2.rte_bld_c7_b,profile_data_2,rte_ews_c7_b,School Profile,2019-20,2021-22,3,0,,,,
profile_data_2.rte_ews_c7_g,profile_data_2.rte_bld_c7_g,profile_data_2,rte_ews_c7_g,School Profile,2019-20,2021-22,3,0,,,,
profile_data_2.rte_ews_c8_b,profile_data_2.rte_bld_c8_b,profile_data_2,rte_ews_c8_b,School Profile,2019-20,2021-22,3,0,,,,
profile_data_2.rte_ews_c8_g,profile_data_2.rte_bld_c8_g,profile_data_2,rte_ews_c8_g,School Profile,2019-20,2021-22,3,0,,,,
profile_data_2.rte_ews_c9_b,profile_data_2.rte_ews_c9_b,profile_data_2,rte_ews_c9_b,School Profile,2018-19,2021-22,4,0,,,,
profile_data_2.rte_ews_c9_g,profile_data_2.rte_ews_c9_g,profile_data_2,rte_ews_c9_g,School Profile,2018-19,2021-22,4,0,,,,
profile_data_2.rte_pvt_c0_b,profile_data_2.rte_pvt_c0_b,profile_data_2,rte_pvt_c0_b,School Profile,2018-19,2021-22,4,0,,,,
profile_data_2.rte_pvt_c0_g,profile_data_2.rte_pvt_c0_g,profile_data_2,rte_pvt_c0_g,School Profile,2018-19,2021-22,4,0,,,,
profile_data_2.rte_pvt_c1_b,profile_data_2.rte_pvt_c1_b,profile_data_2,rte_pvt_c1_b,School Profile,2018-19,2021-22,4,0,,,,
profile_data_2.rte_pvt_c1_g,profile_data_2.rte_pvt_c1_g,profile_data_2,rte_pvt_c1_g,School Profile,2018-19,2021-22,4,0,,,,
profile_data_2.rte_pvt_c2_b,profile_data_2.rte_pvt_c2_b,profile_data_2,rte_pvt_c2_b,School Profile,2018-19,2021-22,4,0,,,,
profile_data_2.rte_pvt_c2_g,profile_data_2.rte_pvt_c2_g,profile_data_2,rte_pvt_c2_g,School Profile,2018-19,2021-22,4,0,,,,
profile_data_2.rte_pvt_c3_b,profile_data_2.rte_pvt_c3_b,profile_data_2,rte_pvt_c3_b,School Profile,2018-19,2021-22,4,0,,,,
profile_data_2.rte_pvt_c3_g,profile_data_2.rte_pvt_c3_g,profile_data_2,rte_pvt_c3_g,School Profile,2018-19,2021-22,4,0,,,,
profile_data_2.rte_pvt_c4_b,profile_data_2.rte_pvt_c4_b,profile_data_2,rte_pvt_c4_b,School Profile,2018-19,2021-22,4,0,,,,
profile_data_2.rte_pvt_c4_g,profile_data_2.rte_pvt_c4_g,profile_data_2,rte_pvt_c4_g,School Profile,2018-19,2021-22,4,0,,,,
profile_data_2.rte_pvt_c5_b,profile_data_2.rte_pvt_c5_b,profile_data_2,rte_pvt_c5_b,School Profile,2018-19,2021-22,4,0,,,,
profile_data_2.rte_pvt_c5_g,profile_data_2.rte_pvt_c5_g,profile_data_2,rte_pvt_c5_g,School Profile,2018-19,2021-22,4,0,,,,
profile_data_2.rte_pvt_c6_b,profile_data_2.rte_pvt_c6_b,profile_data_2,rte_pvt_c6_b,School Profile,2018-19,2021-22,4,0,,,,
profile_data_2.rte_pvt_c6_g,profile_data_2.rte_pvt_c6_g,profile_data_2,rte_pvt_c6_g,School Profile,2018-19,2021-22,4,0,,,,
profile_data_2.rte_pvt_c7_b,profile_data_2.rte_pvt_c7_b,profile_data_2,rte_pvt_c7_b,School Profile,2018-19,2021-22,4,0,,,,
profile_data_2.rte_pvt_c7_g,profile_data_2.rte_pvt_c7_g,profile_data_2,rte_pvt_c7_g,School Profile,2018-19,2021-22,4,0,,,,
profile_data_2.rte_pvt_c8_b,profile_data_2.rte_pvt_c8_b,profile_data_2,rte_pvt_c8_b,School Profile,2018-19,2021-22,4,0,,,,
profile_data_2.rte_pvt_c8_g,profile_data_2.rte_pvt_c8_g,profile_data_2,rte_pvt_c8_g,School Profile,2018-19,2021-22,4,0,,,,
profile_data_2.smc_exists,profile_data_2.smc_exists,profile_data_2,smc_exists,School Profile,2018-19,2025-26,8,0,,,,
profile_data_2.smc_smdc_meetings,profile_data_2.smc_smdc_meetings,profile_data_2,smc_smdc_meetings,School Profile,2022-23,2025-26,4,0,1.51(b),Whether School Management Committee (SMC) and School Management and Development — Number of SMDC meetings held during the last academic year,,
profile_data_2.smc_smdc_same,profile_data_2.smc_smdc_same,profile_data_2,smc_smdc_same,School Profile,2018-19,2025-26,8,0,1.51(c),"Whether School Management Committee (SMC) and School Management and Development — Whether SMDC has prepared School Improvement Plan?                                                    (Yes=1, No=2)",,
profile_data_2.smdc_constituted,profile_data_2.smdc_constituted,profile_data_2,smdc_constituted,School Profile,2018-19,2021-22,4,0,,,,
profile_data_2.special_training,profile_data_2.special_training,profile_data_2,special_training,School Profile,2018-19,2025-26,8,0,,,,
profile_data_2.text_books_received,profile_data_2.text_books_received,profile_data_2,text_books_received,School Profile,2018-19,2021-22,4,0,1.56,"Availability of free text books, Teaching Learning Material (TLM), Play material (in current academic",,
profile_data_2.transport_pr,profile_data_2.transport_pr,profile_data_2,transport_pr,School Profile,2018-19,2021-22,4,0,5.1,"Facilities provided to children in Previous Academic Year for PRIMARY Grade: ** (B- Boys, G- Girls, T- Transgender)",,
profile_data_2.transport_up,profile_data_2.transport_up,profile_data_2,transport_up,School Profile,2018-19,2021-22,4,0,,,,
teacher_data.bachelor_of_ee,teacher_data.bachelor_of_ee,teacher_data,bachelor_of_ee,Teaching and Non-Teaching Staff,2018-19,2025-26,8,0,,,,
teacher_data.bed_equivalent,teacher_data.bed_equivalent,teacher_data,bed_equivalent,Teaching and Non-Teaching Staff,2018-19,2025-26,8,0,,,,
teacher_data.bed_nursery,teacher_data.bed_nursery,teacher_data,bed_nursery,Teaching and Non-Teaching Staff,2022-23,2025-26,4,0,,,,
teacher_data.below_graduate,teacher_data.below_graduate,teacher_data,below_graduate,Teaching and Non-Teaching Staff,2018-19,2025-26,8,0,1.19d,Year of Recognition of the school (Mandatory for Govt. Aided and Pvt. Unaided Schools): — Higher Secondary,,
teacher_data.class_taught_hsec_only,teacher_data.class_taught_hsec_only,teacher_data,class_taught_hsec_only,Teaching and Non-Teaching Staff,2018-19,2025-26,8,0,1.19d,Year of Recognition of the school (Mandatory for Govt. Aided and Pvt. Unaided Schools): — Higher Secondary,,
teacher_data.class_taught_pr,teacher_data.class_taught_pr,teacher_data,class_taught_pr,Teaching and Non-Teaching Staff,2018-19,2025-26,8,0,,,,
teacher_data.class_taught_pr_and_pre_pri,teacher_data.class_taught_pr_and_pre_pri,teacher_data,class_taught_pr_and_pre_pri,Teaching and Non-Teaching Staff,2018-19,2025-26,8,0,,,,
teacher_data.class_taught_pr_upr,teacher_data.class_taught_pr_upr,teacher_data,class_taught_pr_upr,Teaching and Non-Teaching Staff,2018-19,2025-26,8,0,1.19b,Year of Recognition of the school (Mandatory for Govt. Aided and Pvt. Unaided Schools): — Upper primary:,,
teacher_data.class_taught_sec_hsec,teacher_data.class_taught_sec_hsec,teacher_data,class_taught_sec_hsec,Teaching and Non-Teaching Staff,2018-19,2025-26,8,0,1.19d,Year of Recognition of the school (Mandatory for Govt. Aided and Pvt. Unaided Schools): — Higher Secondary,,
teacher_data.class_taught_sec_only,teacher_data.class_taught_sec_only,teacher_data,class_taught_sec_only,Teaching and Non-Teaching Staff,2018-19,2025-26,8,0,,,,
teacher_data.class_taught_upr,teacher_data.class_taught_upr,teacher_data,class_taught_upr,Teaching and Non-Teaching Staff,2018-19,2025-26,8,0,1.26(b),Subjects taught in school: — Curriculum followed by School in UPPER PRIMARY Section?,1-NCERT / 2-State / 3-Others,
teacher_data.class_taught_upr_sec,teacher_data.class_taught_upr_sec,teacher_data,class_taught_upr_sec,Teaching and Non-Teaching Staff,2018-19,2025-26,8,0,1.20b,Year of upgradation of the school (if applicable): — Upper Primary to Secondary:,,
teacher_data.class_taugt_pre_primary_only,teacher_data.class_taugt_pre_primary_only,teacher_data,class_taugt_pre_primary_only,Teaching and Non-Teaching Staff,2018-19,2025-26,8,0,,,,
teacher_data.contract,teacher_data.contract,teacher_data,contract,Teaching and Non-Teaching Staff,2018-19,2025-26,8,0,,,,
teacher_data.diploma_certificate,teacher_data.diploma_certificate,teacher_data,diploma_certificate,Teaching and Non-Teaching Staff,2018-19,2025-26,8,0,,,,
teacher_data.diploma_ele_edu,teacher_data.diploma_ele_edu,teacher_data,diploma_ele_edu,Teaching and Non-Teaching Staff,2022-23,2025-26,4,0,,,,
teacher_data.diploma_special_edu,teacher_data.diploma_special_edu,teacher_data,diploma_special_edu,Teaching and Non-Teaching Staff,2018-19,2025-26,8,0,3.5(b),Details of the Special Educator — Diploma/Degree in Special Education in :,"1-Dedicated, 2-At block/cluster level, 3-No",
teacher_data.early_childhood_tch,teacher_data.early_childhood_tch,teacher_data,early_childhood_tch,Teaching and Non-Teaching Staff,2022-23,2025-26,4,0,1.36(c),Whether Anganwadi Centre is located inside the school premises ? — Is the Anganwadi Worker trained in early childhood education :,"1-Yes, 2-No",
teacher_data.female,teacher_data.female,teacher_data,female,Teaching and Non-Teaching Staff,2018-19,2025-26,8,0,,,,
teacher_data.gen_tch,teacher_data.gen_tch,teacher_data,gen_tch,Teaching and Non-Teaching Staff,2022-23,2025-26,4,0,,,,
teacher_data.graduate,teacher_data.graduate,teacher_data,graduate,Teaching and Non-Teaching Staff,2018-19,2025-26,8,0,,,,
teacher_data.male,teacher_data.male,teacher_data,male,Teaching and Non-Teaching Staff,2018-19,2025-26,8,0,,,,
teacher_data.med_equivalent,teacher_data.med_equivalent,teacher_data,med_equivalent,Teaching and Non-Teaching Staff,2018-19,2025-26,8,0,,,,
teacher_data.none,teacher_data.none,teacher_data,none,Teaching and Non-Teaching Staff,2018-19,2025-26,8,0,,,,
teacher_data.obc_tch,teacher_data.obc_tch,teacher_data,obc_tch,Teaching and Non-Teaching Staff,2022-23,2025-26,4,0,,,,
teacher_data.other,teacher_data.other,teacher_data,other,Teaching and Non-Teaching Staff,2018-19,2025-26,8,0,,,,
teacher_data.part_time,teacher_data.part_time,teacher_data,part_time,Teaching and Non-Teaching Staff,2018-19,2025-26,8,0,,,,
teacher_data.post_graduate_and_above,teacher_data.post_graduate_and_above,teacher_data,post_graduate_and_above,Teaching and Non-Teaching Staff,2018-19,2025-26,8,0,,,,
teacher_data.pseudocode,teacher_data.psuedocode,teacher_data,pseudocode,Teaching and Non-Teaching Staff,2022-23,2025-26,4,0,,,,pseudocode-stability spelling-of-the-key
teacher_data.psuedocode,teacher_data.psuedocode,teacher_data,psuedocode,Teaching and Non-Teaching Staff,2018-19,2021-22,4,0,,,,pseudocode-stability spelling-of-the-key
teacher_data.pursuing_rpc,teacher_data.pursuing_rpc,teacher_data,pursuing_rpc,Teaching and Non-Teaching Staff,2018-19,2025-26,8,0,,,,
teacher_data.regular,teacher_data.regular,teacher_data,regular,Teaching and Non-Teaching Staff,2018-19,2025-26,8,0,,,,
teacher_data.sc_tch,teacher_data.sc_tch,teacher_data,sc_tch,Teaching and Non-Teaching Staff,2022-23,2025-26,4,0,,,,
teacher_data.st_tch,teacher_data.st_tch,teacher_data,st_tch,Teaching and Non-Teaching Staff,2022-23,2025-26,4,0,,,,
teacher_data.teacher_involve_non_training_assignment,teacher_data.teacher_involve_non_training_assignment,teacher_data,teacher_involve_non_training_assignment,Teaching and Non-Teaching Staff,2018-19,2025-26,8,0,,,,
teacher_data.teacher_received_service_training,teacher_data.teacher_received_service_training,teacher_data,teacher_received_service_training,Teaching and Non-Teaching Staff,2018-19,2021-22,4,0,3.3(a),Teachers and Instructors Details by (Including Head Master/Mistress) — Whether received training in FLN-NISHTHA?,"1-General, 2-SC, 3-ST, 4-OBC",
teacher_data.teachers_aged_above_55,teacher_data.teachers_aged_above_55,teacher_data,teachers_aged_above_55,Teaching and Non-Teaching Staff,2018-19,2021-22,4,0,,,,
teacher_data.total_tch,teacher_data.total_teacher,teacher_data,total_tch,Teaching and Non-Teaching Staff,2022-23,2025-26,4,0,3.2,Number of Teaching Staff In-position,count,
teacher_data.total_teacher,teacher_data.total_teacher,teacher_data,total_teacher,Teaching and Non-Teaching Staff,2018-19,2021-22,4,0,,,,
teacher_data.total_teacher_trained_computer,teacher_data.total_teacher_trained_computer,teacher_data,total_teacher_trained_computer,Teaching and Non-Teaching Staff,2018-19,2021-22,4,0,,,,
teacher_data.trained_comp,teacher_data.trained_comp,teacher_data,trained_comp,Teaching and Non-Teaching Staff,2022-23,2025-26,4,0,,,,
teacher_data.trained_cwsn,teacher_data.trained_cwsn,teacher_data,trained_cwsn,Teaching and Non-Teaching Staff,2022-23,2025-26,4,0,4.6,Enrolment By Grade for children with special needs,,
teacher_data.transgender,teacher_data.transgender,teacher_data,transgender,Teaching and Non-Teaching Staff,2018-19,2025-26,8,0,,,,
